account_id,account_email,account_password
1,lkarforless@superrito.com,Pa$Sw0rd!
2,jking@gustr.com,9jL@#nxPq3
3,mmeadows@dayrep.com,Qwerty123!
4,gmoss@gustr.com,@1BcD3fGhI5!
5,cpayne@gustr.com,pAsSwOrD789
6,bitall@dayrep.com,6@LmN8oPqR!
7,bdehatchett@dayrep.com,aBcDeFgHiJ1@
8,afirenzergon@gustr.com,!2s3dF4gH5j
9,gtofwind@dayrep.com,9KmN*oPqRs
10,ktain@superrito.com,Pa$$w0rd123
11,benarreau@superrito.com,7Tg@#hxj1
12,afresco@dayrep.com,1aBcD3eFgH
13,otyme@dayrep.com,P@$$w0rd!234
14,pmeaup@dayrep.com,Qw3RtY&U
15,vrhee@dayrep.com,5jKmN7oPqR
16,ojouglad@gustr.com,pAs$w0Rd!89
17,tpani@dayrep.com,!2#4%6&8(Ab
18,jtyme@gustr.com,Qw3rTy@#$!
19,tanott@gustr.com,a1BcD3EgH!
20,iquitten@dayrep.com,9IjKm7Np#q
21,equittin@dayrep.com,pAsSw0Rd!23
22,mitdowne@gustr.com,4TgHx!JkL
23,meyezing@dayrep.com,a1@Bc3#DfGh
24,sboate@gustr.com,7iJkMn9Op
25,sbeeches@dayrep.com,pAsS!w0rD123
