cast_people_id,cast_title_id
190,ApUDc
190,BVJtQ
221,6KqG
221,ApM1x
221,BVWq1
221,BVX4U
253,BVfQh
291,5DVD
291,5EUZ
291,74Fw
291,7Nw3
291,8ANa5
291,8EMNv
291,ApOGu
291,ApQj2
291,ApRHF
291,ApSIf
291,ApT1t
291,ApT8s
291,ApTf4
291,ApUfR
291,ApUKu
291,BVhih
291,BVIuO
291,BVSk1
291,kuJZ
301,ApLjF
390,6lD2
390,77Ka
390,7cje
390,7Rly
390,ApLeY
390,ApLXV
390,ApQth
390,ApS7q
390,ApTt6
390,BVcw8
390,BVkjH
390,BVZ67
414,ApQgl
414,ApQgn
414,ApRpU
414,ApUf1
414,BVKiC
414,ca16N
437,ApRpU
437,ApSh1
437,BVNkS
465,6sW2
465,8JOD
465,ApLs9
465,ApT8j
465,ApUqa
465,BVfXE
465,BVPGW
465,BVSdp
465,BVWnI
470,6vgk
507,7svr
507,BVJG9
507,BVv0z
523,ApRou
523,ApUPY
524,BVs3L
598,ApOHH
598,ApT6Z
620,ApLeh
620,ApUfH
620,BVJrZ
636,6hoO
642,7IHJ
642,ApV4V
642,btpYp
642,BViLO
642,BVStc
674,ApMEz
688,1D1cv
688,5mrV
688,6koI
688,6uXu
688,7R7c
688,7zaWZ
688,88vGs
688,ApLeZ
688,ApM8M
688,ApNwM
688,ApO1H
688,ApO7V
688,ApOCq
688,ApOFg
688,ApOLH
688,ApQn6
688,ApSfi
688,ApSIp
688,ApSir
688,ApSzM
688,ApT5V
688,ApUZC
688,BVeGN
688,BVJsc
688,BVLbw
688,BVNGi
688,BVNXy
688,BVS7y
688,BVUPT
688,kmtu
688,ku9C
795,5kyJ
795,ApLwT
795,btqDj
886,53SI
886,ApSWb
886,ApUyE
919,BVb7Y
919,BVhK6
958,btpYV
958,kGCC
958,kOag
1025,ApRxo
1025,ApT9y
1025,BVJ1w
1025,BVszm
1063,ApTwQ
1063,BVc7J
1063,BVhK6
1063,BVV0g
1114,6E4W
1114,6L9S
1114,7IHJ
1114,ApMM0
1114,ApNxc
1114,ApQfi
1114,ApQWa
1114,ApQyt
1114,ApRL7
1114,ApUg8
1114,BVcAt
1114,BVefj
1114,BVkdV
1114,BVLgL
1114,BVMW6
1114,BVQph
1114,BVZha
1114,cZrJ2
1114,cZsfd
1114,knUX
1114,kuqn
1161,5OwU
1161,6qUX
1161,7ugUu
1161,7vug4
1161,8G5uY
1161,ApM9A
1161,ApQkm
1161,ApR2X
1161,ApSUb
1161,ApTXi
1161,BVa1Q
1161,BVefj
1161,BVkrF
1161,BVM7e
1161,BVNPc
1161,BVO6W
1161,BVO9k
1161,BVOH8
1161,BVOhm
1161,BVv0D
1161,kd4t
1244,7CQu
1246,5DVD
1246,5SH5
1246,6UX1
1246,ApLPm
1246,ApNxP
1246,ApO3T
1246,ApOAG
1246,ApRHz
1246,ApT3Y
1246,BVkxj
1246,BVl05
1246,BVs3L
1246,BVUhI
1246,BVYNB
1246,BVZay
1247,6uXu
1247,7iuZ
1247,7r3b
1247,ApLXU
1247,ApLYt
1247,ApQi0
1247,ApQlF
1247,ApQt1
1247,ApR0Z
1247,ApRA0
1247,ApRuF
1247,ApRyn
1247,ApSco
1247,BVarz
1247,BVK4f
1247,BVNaG
1247,BVo3J
1247,BVP23
1247,BVQEl
1247,BVwyR
1247,BVYqK
1247,ca47V
1282,ksND
1346,ApR0n
1346,BVqfv
1355,5QDl
1355,7vuc4
1355,ApRHz
1355,ApRIy
1355,ApSIh
1355,ApUL8
1355,BVlvQ
1452,ApNzq
1452,ApQlx
1452,BVcbC
1452,BVkH9
1452,BVlqb
1452,BVOdo
1452,caAm9
1452,cZpdc
1488,13kZA
1488,7aOJ
1488,7Ejx
1488,ApLgm
1488,ApLmj
1488,ApLug
1488,ApM2t
1488,ApRIP
1488,ApRww
1488,BVdrT
1488,BVeC7
1488,BVjGP
1488,BVNdO
1488,BVSeQ
1488,BVTPz
1488,BVXrT
1488,knkj
1497,88lF
1497,8NgX
1497,ApLTA
1497,ApOL3
1497,ApQux
1497,ApR1Q
1497,ApR6A
1497,ApRHI
1497,ApRVl
1497,ApSgo
1497,ApSxM
1497,ApTlH
1497,ApUf1
1497,ApUnM
1497,BVepD
1497,BVJbS
1497,BVJId
1497,BVNcT
1497,BVQ74
1497,BVQ9w
1497,BVQMj
1497,BVTl6
1497,BVUK6
1497,BVwre
1497,BVXbm
1497,BVYQG
1497,kEW4
1515,5fyP
1515,74RJ
1515,ApLUT
1515,ApTC7
1515,BVJoW
1545,7o9l
1545,ApSPe
1545,ApSvq
1545,ApTBp
1545,ApTpD
1545,BVOi2
1545,BVW9i
1557,6E4W
1557,7IHJ
1557,7Nw3
1557,7vua5
1557,ApLda
1557,ApLwU
1557,ApO1E
1557,ApOCq
1557,ApQgM
1557,ApQiT
1557,ApQvJ
1557,ApQX2
1557,ApSIj
1557,ApU7Y
1557,BVdCH
1557,BVYoX
1557,kuNn
1567,7BPf
1567,7zaWZ
1567,8FMsT
1567,8G3GM
1567,ApLgk
1567,ApLz2
1567,ApRA6
1567,ApRM6
1567,ApSEl
1567,ApSLA
1567,BVkrA
1567,BVO60
1567,ca2yG
1567,ca5Vn
1567,ca5Vo
1567,cZofI
1567,cZpDv
1567,cZrh8
1567,ku9C
1567,kuNn
1567,kupj
1599,ApTC4
1739,ApRg6
1739,ApSUJ
1739,BVOZL
1739,BVVM4
1766,ApSk2
1766,ApSL8
1766,BVSeC
1766,BVUas
1766,BVv0v
1799,8JPx
1878,5prm
1878,6hoO
1878,ApLK6
1878,ApNyM
1878,ApO1K
1878,ApSIv
1878,ApV8x
1968,5WmT
1968,ApSJB
1968,ApT3d
1968,ApTiG
1968,BVK6j
1968,BVO6G
1968,BVuxo
1996,5prm
1996,7AYa
1996,80FR
1996,ApUFM
1996,btpdn
1996,BVpF0
1996,BVVpQ
1996,cZoAU
1996,cZqET
1996,cZruu
2078,ApO1z
2078,ApUDW
2078,BVZCA
2137,BVwx9
2143,km0j
2186,ApOKl
2186,ApSLo
2186,ApT7c
2186,kuS7
2190,kuS7
2201,ApQpJ
2201,ApSAu
2201,BVOZk
2201,BVUPX
2201,keIC
2234,5NoW
2234,ApQno
2234,ApTfE
2234,ApTRA
2234,BVewY
2234,BVgGO
2234,BVTyq
2240,ApTvi
2240,ApUaK
2240,BVcoX
2240,BVLfB
2240,BVvH8
2248,88qbz
2248,ApLUq
2248,ApM2s
2248,ApRLN
2248,btpdE
2248,BVluL
2259,6A16
2259,btikV
2358,ApOCp
2358,ApOE2
2358,BVVaC
2373,ApLKb
2373,ApMPK
2373,ApOAf
2373,ApR6R
2373,ApTp8
2373,ApTpD
2373,BVMXF
2373,BVnHL
2373,BVoFp
2373,BVQWS
2373,BVV1C
2381,6CKF
2381,7z3OY
2381,ApV7w
2381,BVc7Z
2381,BVdzG
2381,BVYNE
2446,71RT
2446,8LXx
2446,ApRWV
2446,ApU1K
2446,BVJQu
2446,BVp26
2446,BVX4U
2573,6KE9
2573,BVOeE
2573,BVOfM
2621,5ebW
2633,5rVT
2653,5XnE
2653,881z
2653,ApQmb
2653,ApSx9
2653,ApTg3
2653,ApTha
2653,BVoaR
2653,BVohA
2653,BVolO
2653,BVRTT
2653,BVSNE
2653,BVSWv
2653,BVXn0
2653,BVZ2w
2653,BVZfq
2653,cZzcG
2653,kJlo
2653,kKvk
2704,1D1cv
2704,5ylb
2704,6Enj
2704,7Sse
2704,ApLQa
2704,ApSG1
2704,BVa1Q
2704,BVcQ8
2729,56Kb
2729,7uYrC
2729,ApLJG
2729,ApLKg
2729,ApMPl
2729,ApSJ4
2729,ApTdu
2729,ApTyx
2729,ApULa
2729,ApUMP
2729,BVh12
2729,BVJHN
2729,BVNkR
2729,BVQTt
2729,BVrIA
2729,BVv0S
2729,ca87b
2729,cZz77
2816,82zv
2816,ApQkq
2816,kKZp
2946,13kbW
2946,ApRS7
2946,BVaTm
2946,BVbOR
2946,BVKlR
2946,BVUMr
2948,BVQ1w
2955,6e7V
2955,82vJt
2955,8hiRq
2955,ApLQ5
2955,ApLt1
2955,ApOFz
2955,ApQgM
2955,ApQzU
2955,ApRmM
2955,ApRW1
2955,ApS9u
2955,ApSIj
2955,ApUeV
2955,ApUPI
2955,BVdSj
2955,BVLqH
2997,7uYvq
2997,ApLPv
2997,ApSUx
2997,ApUVG
2997,BVO9u
2997,BVSsE
2997,BVU2W
2997,BVWdn
2997,ca7Tk
2997,cZxK5
2998,7Rjo
2998,7ZBSJ
2998,ApO0t
2998,ApQiM
2998,ApRLO
2998,ApRLy
2998,ApRsl
2998,ApSrS
2998,ApU8A
2998,ApV1d
2998,ApV4k
2998,ApV91
2998,BVcwP
2998,BVcwQ
2998,BVfW9
2998,BVisY
2998,BVkPj
2998,BVnCv
2998,BVSMr
2998,BVt1l
2998,BVUXe
2998,BVwx9
2998,BVYNO
2998,knPe
2998,kuSP
3103,6AmS
3103,ApNz9
3103,ApQje
3103,ApSj3
3103,ApUkq
3103,BVJ8f
3103,BVJ9F
3103,BVJ9G
3103,BVNXz
3107,BVTQS
3128,ApRae
3128,ApSPe
3128,ApTp8
3130,ApRae
3130,BVq8R
3130,ca3LM
3192,6ehk
3192,7vWFE
3192,ApLuj
3192,ApMEH
3192,ApRC8
3192,ApRZW
3192,ApS4p
3192,ApS6f
3192,ApSL9
3192,ApT42
3192,ApU2k
3192,ApUPY
3192,BVamp
3192,BVeej
3192,BVefz
3192,BVlWc
3192,BVmuR
3192,BVnIt
3192,BVOi2
3192,BVp3r
3192,BVSxO
3192,BVtcz
3192,knZg
3207,6e6K
3253,1EGtP
3253,5tK9
3253,7tEu
3253,7zpFc
3253,8FTn
3253,ApLLm
3253,ApLNw
3253,ApQkf
3253,ApR7O
3253,ApRIH
3253,ApRZV
3253,ApS9q
3253,ApSIj
3253,ApSYr
3253,ApT5F
3253,BVhfX
3253,BVmum
3253,BVNcX
3253,BVODf
3253,BVr4j
3253,BVrK3
3253,BVRok
3253,BVv0f
3256,6Fio
3256,6x5S
3256,88dX
3256,8C6g4
3256,8DhTv
3256,8EMNv
3256,ApLPr
3256,ApLXB
3256,ApMPl
3256,ApQki
3256,ApQqE
3256,ApQVx
3256,ApSNH
3256,ApThw
3256,btpYU
3256,BVfV5
3256,BVli7
3256,BVNY1
3256,BVUCM
3256,BVY2N
3256,kupa
3258,6L9S
3258,6pP2
3258,ApLKa
3258,ApM20
3258,ApM3y
3258,ApMCa
3258,ApNzV
3258,ApRH6
3258,ApUF7
3258,ApUMZ
3258,BVmAJ
3258,BVRNl
3258,BVUPT
3258,cZytv
3258,kRHI
3304,BVpGT
3388,7kmKm
3388,ApLyv
3388,ApOKD
3388,BVTPk
3397,BVlcj
3397,BVSe9
3431,67YQ
3431,7ZBME
3431,ApTuu
3431,BVgqi
3431,BVQ5F
3437,ApM3T
3437,BVJXD
3462,8Cyj7
3462,ApM6u
3462,ApNwh
3462,ApNwi
3462,ApNxH
3462,ApREA
3462,ApRLV
3462,ApRV0
3462,ApRVc
3462,ApT41
3462,BVb3X
3462,BVfEn
3462,BVoTc
3462,BVU6I
3462,BVVPI
3462,BVZhj
3462,kNoD
3477,7wqHO
3477,ApLle
3477,ApMQw
3477,ApQje
3477,ApR2t
3477,ApS4W
3477,BVRFE
3477,BVXRH
3500,6AmS
3500,8ehq8
3500,8hjDp
3500,ApLeZ
3500,ApLm1
3500,ApLYt
3500,ApMFL
3500,ApQhk
3500,ApRUQ
3500,ApRxf
3500,ApSIw
3500,ApSk4
3500,ApTh7
3500,ApTOD
3500,ApTos
3500,ApTRH
3500,ApTUo
3500,ApTUp
3500,ApTwM
3500,ApU4Q
3500,ApUhn
3500,ApUhu
3500,ApUTO
3500,btpdn
3500,BVcI4
3500,BVcw7
3500,BVd25
3500,BVf01
3500,BVgBX
3500,BVire
3500,BVj2b
3500,BVJDv
3500,BVjl2
3500,BVjq7
3500,BVK6v
3500,BVkkA
3500,BVl05
3500,BVLdp
3500,BVlMz
3500,BVMWX
3500,BVMXM
3500,BVNhE
3500,BVOEb
3500,BVOh1
3500,BVOmm
3500,BVOPm
3500,BVOQb
3500,BVPFg
3500,BVpJS
3500,BVPpz
3500,BVQ1T
3500,BVQsR
3500,BVSgR
3500,BVspV
3500,BVSy6
3500,BVtiM
3500,BVUgv
3500,BVv2u
3500,BVVO7
3500,BVwwY
3500,BVwz2
3500,BVYJH
3500,BVYSm
3500,BVYxv
3500,ca5EL
3500,ca7rz
3500,caB7C
3500,caCk0
3500,caESz
3500,caHQ8
3500,cZjaS
3500,cZjeB
3500,cZoAU
3500,cZppO
3500,cZqET
3500,cZruu
3500,knkG
3522,6xoG
3522,7rt4
3522,ApLd7
3522,ApOET
3522,ApOKl
3522,ApQee
3522,ApQWS
3522,ApSL3
3522,BVhih
3522,BVJXG
3522,BVK8D
3522,BVmq6
3522,BVnGD
3522,BVO79
3522,kBrN
3539,BVndj
3539,kP0i
3550,ApSQD
3550,ApUhj
3550,ca6ix
3553,6BuL
3553,7M5l
3553,7wTPS
3553,ApLm1
3553,ApLoE
3553,ApLQr
3553,ApLSR
3553,ApLum
3553,ApMLJ
3553,ApMTQ
3553,ApMTT
3553,ApMTU
3553,ApQxT
3553,ApQy9
3553,ApRMr
3553,ApRou
3553,ApSYw
3553,ApThw
3553,ApTyR
3553,ApUs4
3553,ApUsU
3553,ApUTv
3553,BVa4I
3553,BVamp
3553,BVczK
3553,BVeGV
3553,BVgbs
3553,BVk75
3553,BVNWG
3553,BVnye
3553,BVNyq
3553,BVO9u
3553,BVOsw
3553,BVoTa
3553,BVP3m
3553,BVP3o
3553,BVP3p
3553,BVP3q
3553,BVP3s
3553,BVP3t
3553,BVP3u
3553,BVP3w
3553,BVP3x
3553,BVPoh
3553,BVRrt
3553,BVRTT
3553,BVS5Y
3553,BVTcV
3553,BVTDn
3553,BVTTO
3553,ca4RA
3553,cZonM
3553,cZvDN
3553,cZxlF
3561,ApO4p
3561,ApTBu
3561,ApUag
3605,63TJ
3605,6fwD
3605,6St8
3605,7wqHO
3605,ApOBz
3605,ApRKL
3605,ApRM7
3605,ApSIv
3605,ApUlU
3605,BVdjm
3605,BVTi0
3605,BVYSm
3605,kuNw
3614,ApUen
3614,BVfSC
3614,BVQzL
3644,ApSlz
3644,BVfyb
3644,ca84o
3644,cZonM
3644,cZuEL
3667,ApLvE
3667,ApLwa
3667,ApM5o
3667,ApQl9
3667,ApS8I
3667,BVjVo
3667,BVqcV
3859,ApQWw
3859,BVNrv
3859,BVZSd
3898,ApLST
3898,ApSPe
3898,BVOhR
3933,BVt2r
3933,BVYGF
3933,cZxlX
3938,ApR9p
3938,ApSEX
3938,BVU2W
3938,BVuz7
3938,keb8
3944,5lf1
3944,ApNxP
3944,ApOFQ
3944,ApQid
3944,ApRO3
3944,ApRVl
3944,BVJIX
3944,BVNJh
3944,BVNRo
3944,BVO5x
3944,BVvSt
3950,ApSUJ
4000,ApLaX
4000,ApU8B
4000,BVODh
4025,1CZva
4025,1EGwG
4025,53t2
4025,5iIe
4025,67YQ
4025,6HZi
4025,6St8
4025,6StH
4025,6XjB
4025,7bq1
4025,7Uef
4025,7UZc
4025,7vua5
4025,8Ajji
4025,8Bwr
4025,8GFvE
4025,8LXx
4025,ApLff
4025,ApLpW
4025,ApMHj
4025,ApMQ0
4025,ApMTE
4025,ApQiT
4025,ApRFi
4025,ApRL4
4025,ApSL6
4025,ApT3N
4025,ApTfD
4025,ApTyR
4025,ApTZL
4025,ApUMM
4025,ApV4V
4025,BVcbG
4025,BVK4y
4025,BVLgF
4025,BVlu7
4025,BVSfw
4025,BVSYz
4025,BVW55
4025,BVWVE
4025,ca0Iy
4025,ca3On
4025,ca79V
4025,cZtsU
4025,knPe
4048,BVcF2
4060,1EJKq
4060,5UUy
4060,7ZBLn
4060,8Hs1l
4060,8HzvV
4060,8I13y
4060,ApLRb
4060,ApQiM
4060,ApQva
4060,ApR1I
4060,ApTUh
4060,ApTyA
4060,ApTyd
4060,ApTZw
4060,BVarz
4060,BVjhF
4060,BVm5h
4060,BVmAJ
4060,BVnga
4060,BVO6H
4060,BVoVd
4060,BVP23
4060,BVqFG
4060,BVtQE
4060,BVXrR
4060,BVZBL
4060,BVZRy
4060,caESz
4060,cZr12
4060,cZsg6
4060,knPe
4060,kxFo
4112,7TEE
4112,ApLaR
4112,ApMK1
4112,ApOAO
4112,ApQy1
4112,ApSL9
4112,BVbRK
4112,BVPQ1
4145,7UZc
4145,88vGs
4145,ApSDU
4145,ApSPe
4145,ApTyy
4145,ApUIM
4145,BVk0D
4145,BVMZZ
4145,BVXJR
4156,BVjdS
4156,BVk4x
4197,ApRGF
4197,ApUcs
4197,BVOAh
4197,BVSy6
4206,1EGty
4206,1EJXe
4206,5IWo
4206,63mX
4206,6I1L
4206,6Kj0
4206,6OkZ
4206,7TbH
4206,7xjs8
4206,8G6Bu
4206,8HHV
4206,8IpNZ
4206,8ZDkF
4206,ApLPa
4206,ApLXZ
4206,ApM6t
4206,ApM6u
4206,ApMSx
4206,ApQu2
4206,ApQy9
4206,ApR67
4206,ApRaB
4206,ApRCK
4206,ApRqp
4206,ApRSW
